field_title,field_recall_url,field_active_notice,field_states,field_archive_recall,field_closed_date,field_closed_year,field_company_media_contact,field_distro_list,field_en_press_release,field_establishment,field_labels,field_media_contact,field_risk_level,field_last_modified_date,field_press_release,field_processing,field_product_items,field_qty_recovered,field_recall_classification,field_recall_date,field_recall_number,field_recall_reason,field_recall_type,field_related_to_outbreak,field_summary,field_year,langcode,field_has_spanish,year,states,risk_level,data_source
"Simmons Prepared Foods, Inc. Retira Productos De Bocaditos De Pollo Debido A Una Posible Contaminación Con Materia Extraña",http://www.fsis.usda.gov/es/retirada/simmons-prepared-foods-inc--retira-productos-de-bocaditos-de-pollo-debido-a-una-posible,False,Nationwide,True,2024-02-06,2024,"
  Company Contact
  
    Director of Brand Management, Simmons Prepared Foods, Inc.
    Lainie Button
        479-215-2743, 1-800-280-7185
              lainie.button@simfoods.com
      

",RC-063-2023-Retail-List.pdf,,"Simmons Prepared Foods, Inc.",recall-labels-063-2023.pdf,Kenneth King,High - Class I,2023-12-15,,Fully Cooked - Not Shelf Stable, • Caja de cartón de 15 oz. que contiene “TGI FRIDAYS BONELESS CHICKEN BITES HONEY BBQ CHICKEN” (BOCADITOS DE POLLO DESHUESADOS TGI FRIDAYS POLLO BBQ CON MIEL) con el código de lote KL3K03 y fecha de “mejor si se consume antes del día” del 12/26/2,"Approximately 10,884 pounds of recalled product",Class I,2023-12-15,063-2023,Product Contamination,Closed Recall,False,"<p><strong>WASHINGTON, 15 de diciembre de 2023– </strong>Simmons Prepared Foods Inc., una compañía en Van Buren, Ark. está retirando aproximadamente 26.550 lb. de productos de bocaditos de pollo deshuesados TGI Fridays que pueden estar contaminados con materiales extraños, específicamente pedazos de plástico transparente y duro, anunció hoy el Servicio de Inocuidad e Inspección de Alimentos (FSIS, por sus siglas en inglés) del Departamento de Agricultura de los EE.UU. (USDA, por sus siglas en inglés).</p>

<p>Los artículos de bocaditos de pollo deshuesados se produjeron el 3 de octubre de 2023. Los siguientes productos son objeto de la retirada [<a href=""/sites/default/files/food_label_pdf/2023-12/recall-labels-063-2023.pdf"">ver las etiquetas</a>]:</p>

<ul>
	<li>Caja de cartón de 15 oz. que contiene “TGI FRIDAYS BONELESS CHICKEN BITES HONEY BBQ CHICKEN” (BOCADITOS DE POLLO DESHUESADOS TGI FRIDAYS POLLO BBQ CON MIEL) con el código de lote KL3K03 y fecha de “mejor si se consume antes del día” del 12/26/2024 al costado de la caja.&nbsp;</li>
</ul>

<p>Los productos objeto de la retirada están marcados con el número de establecimiento “P-20287” dentro del sello de inspección del USDA. Estos productos fueron enviados a establecimientos comerciales&nbsp;a nivel nacional.</p>

<p>El problema se descubrió cuando la empresa le notificó al FSIS que habían recibido quejas de consumidores reportando que se había encontrado plástico transparente y duro bajo el empanado de los bocaditos de pollo deshuesados.</p>

<p>No ha habido reportes confirmados de lesiones o enfermedades debidas al consumo de estos productos. Cualquier persona que tenga inquietudes acerca de lesiones o enfermedades debe contactar a un proveedor de servicios de salud.&nbsp;</p>

<p>El FSIS muestra preocupación porque parte del producto puede estar en los congeladores de los consumidores. Se les urge a los consumidores que compraron estos productos que no los consuman. Estos productos deben ser desechados o devueltos al punto de venta.</p>

<p>El FSIS realiza revisiones sobre la efectividad de retirada de manera rutinaria para verificar que las empresas que realizan una retirada les notifiquen a sus clientes de esta y que se sigan los pasos necesarios para asegurarse de que el producto ya no esté al alcance de los consumidores. Cuando están disponibles, las listas de distribución al detalle se publican en el sitio web del FSIS <a href=""http://www.fsis.usda.gov/recalls"">www.fsis.usda.gov/avisos</a>.</p>

<p>Los medios con preguntas acerca de la retirada pueden contactar a Lainie Button, Directora de Gestión de Marca en Simmons Prepared Foods, Inc., al 479-215-2626 o en lainie.button@simfoods.com. Los consumidores que tengan preguntas pueden llamar al 1800-280-7185.</p>

<p>Los consumidores con preguntas sobre la inocuidad de alimentos pueden llamar a la línea de información gratuita sobre Carnes y Aves de Corral del USDA al 888-MPHotline (888-674-6854) o enviar una pregunta por correo electrónico a <a href=""mailto:MPHotline@usda.gov"">MPHotline@usda.gov</a>.&nbsp;Para los consumidores que necesiten reportar un problema con productos de carnes, aves o huevos, el Sistema Electrónico de Monitoreo de Quejas del Consumidor en la web, puede ser accedido las 24 horas del día en: <a href=""https://foodcomplaint.fsis.usda.gov/eCCF/"">https://foodcomplaint.fsis.usda.gov/eCCF/</a>.</p>
",2023,Spanish,True,2023,Nationwide,High - Class I,FSIS_RECALLS
"Simmons Prepared Foods, Inc. Recalls Boneless Chicken Bites Products Due to Possible Foreign Matter Contamination",http://www.fsis.usda.gov/recalls-alerts/simmons-prepared-foods-inc--recalls-boneless-chicken-bites-products-due-possible,False,Nationwide,True,2024-02-06,2024,"
  Company Contact
  
    Director of Brand Management, Simmons Prepared Foods, Inc.
    Lainie Button
        479-215-2743, 1-800-280-7185
              lainie.button@simfoods.com
      

",RC-063-2023-Retail-List.pdf,,"Simmons Prepared Foods, Inc.",recall-labels-063-2023.pdf,Kenneth King,High - Class I,2023-12-15,,Fully Cooked - Not Shelf Stable,15-oz. carton containing &quot;TGI FRIDAYS BONELESS CHICKEN BITES HONEY BBQ CHICKEN&quot; with lot code KL3K03 and Best By date of 12/26/2024 located on the side of the carton.,"Approximately 10,884 pounds of recalled product",Class I,2023-12-15,063-2023,Product Contamination,Closed Recall,False,"<p><strong>WASHINGTON, Dec. 15, 2023</strong> - Simmons Prepared Foods Inc., a Van Buren, Ark. establishment, is recalling approximately 26,550 pounds of TGI Fridays boneless chicken bites products that may be contaminated with extraneous materials, specifically pieces of clear, hard plastic, the U.S. Department of Agriculture's Food Safety and Inspection Service (FSIS) announced today.</p>

<p>The boneless chicken bites items were produced on Oct. 3, 2023. The following products are subject to recall [<a data-entity-substitution=""file"" data-entity-type=""file"" data-entity-uuid=""18044cbb-b0bd-4020-966d-993cc9681881"" href=""/sites/default/files/food_label_pdf/2023-12/recall-labels-063-2023.pdf"">view labels</a>]:</p>

<ul>
	<li>15-oz. carton containing ""TGI FRIDAYS BONELESS CHICKEN BITES HONEY BBQ CHICKEN"" with lot code KL3K03 and Best By date of 12/26/2024 located on the side of the carton.</li>
</ul>

<p>The products subject to recall bear establishment number ""P-20287"" inside the USDA mark of inspection. These items were shipped to retail locations nationwide.</p>

<p>The problem was discovered when the firm notified FSIS that it had received consumer complaints reporting that clear, hard plastic was found under the breading of the boneless chicken bites.</p>

<p>There have been no confirmed reports of injury or illness from consumption of these products. Anyone concerned about an injury or illness should contact a healthcare provider.</p>

<p>FSIS is concerned that some product may be in consumers' freezers. Consumers who have purchased these products are urged not to consume them. These products should be thrown away or returned to the place of purchase.</p>

<p>FSIS routinely conducts recall effectiveness checks to verify recalling firms notify their<strong> </strong>customers of the recall and that steps are taken to make certain that the product is no longer available to consumers. When available, the retail distribution list(s) will be posted on the FSIS website at <a href=""http://www.fsis.usda.gov/recalls"">www.fsis.usda.gov/recalls</a>.</p>

<p>Members of the media with questions about the recall can contact Lainie Button, Director of Brand Management, Simmons Prepared Foods, Inc., at 479-215-2743 or lainie.button@simfoods.com. Consumers with questions can call 1800-280-7185.</p>

<p>Consumers with food safety questions can call the toll-free USDA Meat and Poultry Hotline at 888-MPHotline (888-674-6854) or send a question via email to <a href=""mailto:MPHotline@usda.gov"">MPHotline@usda.gov</a>. For consumers that need to report a problem with a meat, poultry, or egg product, the online Electronic Consumer Complaint Monitoring System can be accessed 24 hours a day at <a href=""https://foodcomplaint.fsis.usda.gov/eCCF/"">https://foodcomplaint.fsis.usda.gov/eCCF/</a>.</p>
",2023,English,True,2023,Nationwide,High - Class I,FSIS_RECALLS
Don Miguel Foods Retira Burritos De Carne Asada Congelados Listos Para El Consumo Por La Posible Contaminación De Listeria,http://www.fsis.usda.gov/es/retirada/don-miguel-foods-retira-burritos-de-carne-asada-congelados-listos-para-el-consumo-por-la,False,Nationwide,True,2024-03-18,2024,"
  Company Contact
  
    Don Miguel Foods Consumer Engagement
    
        800-523-4635
          

, 
  Company Contact
  
    Don Miguel Foods Media Relations
    
              media@mmxfoods.com
      

",RC-047-2023-Retail-List.pdf,,"Don Miguel Mexican Foods, Inc.",Recall 047-2023_food label.pdf,Meredith Carothers,High - Class I,2023-10-13,,Fully Cooked - Not Shelf Stable,Empaques individuales de 7 onzas embalados en papel encerado que contienen &quot;BURRITOS DE CARNE ASADA DON MIGUEL hechos a mano&quot; con código de fecha D23270 impreso en el empaque.,"10,159 lbs",Class I,2023-10-13,047-2023,Product Contamination,Closed Recall,False,"<p><strong>WASHINGTON,</strong> 13 de octubre de 2023 – Don Miguel Foods, un establecimiento de Dallas, Texas, está retirando aproximadamente 10,642 libras de burritos de carne asada congelados listos para el consumo (RTE por su siglas en inglés) que podrían estar adulterados con<em> Listeria monocytogenes</em>, anunció hoy el Servicio de Inocuidad e Inspección de Alimentos (FSIS) del Departamento de Agricultura de los EE. UU.</p>
<p>Los burritos de carne asada congelados listos para el consumo fueron producidos el 27 de septiembre de 2023. Los siguientes productos están sujetos a retiro [<a href=""/sites/default/files/food_label_pdf/2023-10/Recall%20047-2023_food%20label_0.pdf"">ver etiquetas</a>]: &nbsp; &nbsp;</p>
<ul>
<li>Empaques individuales de 7 onzas embalados en papel encerado que contienen ""BURRITOS DE CARNE ASADA DON MIGUEL hechos a mano"" con código de fecha D23270 impreso en el empaque.</li>
</ul>
<p>Los productos sujetos a retirada están marcados con el número de establecimiento “EST. 20049” dentro del sello de inspección del USDA. Estos artículos fueron enviados a tiendas de conveniencia en todo el país.</p>
<p>El problema fue descubierto después de que la prueba de laboratorio del establecimiento indicó que el producto podría estar contaminado con <em>Listeria monocytogenes</em> El establecimiento notificó al FSIS que parte del producto afectado habría sido distriguido al mercado.</p>
<p>No han habido reportes confirmados de reacciones adversas debido al consumo de estos productos. Cualquier persona que tenga inquietudes acerca de lesiones o enfermedades debe contactar a un proveedor de servicios de salud.</p>
<p>El consumo de alimentos contaminados con <em>L. monocytogenes </em>pueden causar listeriosis, una infección grave que afecta principalmente a los adultos mayores con sistemas inmunes debilitados, a las mujeres embarazadas y a sus bebés recién nacidos. Es menos común que las personas que no pertenecen a estos grupos de alto riesgo se vean afectadas.</p>
<p>La listeriosis puede causar fiebre, dolores musculares, dolor de cabeza, tortícolis, confusión, pérdida del equilibrio y convulsiones, que a menudo los anteceden la diarrea y otros síntomas gastrointestinales. Una infección invasiva se extiende más allá del tracto gastrointestinal. En las mujeres embarazadas, la infección puede causar abortos espontáneos, partos prematuros o infecciones potencialmente letales para el recién nacido. Además puede causar infecciones graves o que pueden causar la muerte de adultos mayores y personas con sistemas inmunes debilitados. La listeriosis se trata con antibióticos. Las personas en las categorías de alto riesgo que sufran de síntomas similares a los de la gripa en los dos meses siguientes al consumo de comida contaminada deben solicitar atención médica e informarle al proveedor de servicios de salud del consumo de la comida contaminada.</p>
<p>Al FSIS le preocupa que algún producto pueda estar en los congeladores de los consumidores. Se le urge a los consumidores que compraron estos productos que no los consuman. Estos productos deben ser desechados o devueltos al punto de venta.</p>
<p>El FSIS realiza revisiones sobre la eficacia de las retiradas de manera rutinaria para verificar que las empresas que realizan una retirada le notifiquen a sus clientes de la misma y que se sigan los pasos necesarios para asegurarse de que el producto ya no esté al alcance de los consumidores. Cuando están disponibles, las listas de distribución de minoristas se publican en el sitio web del FSIS al&nbsp;<a href=""http://www.fsis.usda.gov/recalls"">www.fsis.usda.gov/recalls</a>.</p>
<p>Los medios que tengan preguntas sobre el retiro pueden comunicarse con Don Miguel Foods Media Relations en <a href=""mailto:media@mmxfoods.com"">media@mmxfoods.com</a>. Los consumidores que tengan preguntas sobre el retiro pueden comunicarse con Don Miguel Foods Consumer Engagement, llamando al 800-523-4635 o en <a href=""http://www.megamexfoods.com/contact-us/"">www.megamexfoods.com/contact-us/</a>.</p>
<p>Los consumidores con preguntas sobre inocuidad alimentaria pueden llamar a la línea gratuita de carne y aves de corral del USDA al 888-MPHotline (888-674-6854) o enviar un pregunta por correo electrónico a <a href=""mailto:MPHotline@usda.gov"">MPHotline@usda.gov</a>. Los consumidores que necesitan informar un problema con un producto de carne, aves de corral o huevo, pueden acceder al Sistema de Monitoreo Electrónico de Quejas del Consumidor en línea las 24 horas del día en <a href=""https://gcc02.safelinks.protection.outlook.com/?url=https%3A%2F%2Ffoodcomplaint.fsis.usda.gov%2FeCCF%2F&amp;data=05%7C01%7CMelissa.Cordell%40usda.gov%7C2ffd2d584176447889ea08dbb48bd749%7Ced5b36e701ee4ebc867ee03cfa0d4697%7C1%7C0%7C638302284933732023%7CUnknown%7CTWFpbGZsb3d8eyJWIjoiMC4wLjAwMDAiLCJQIjoiV2luMzIiLCJBTiI6Ik1haWwiLCJXVCI6Mn0%3D%7C3000%7C%7C%7C&amp;sdata=Jx%2BVgXbvTA0YVfEYBwKrSu9MQne%2BUQZ3bT04yRxlrAI%3D&amp;reserved=0"">https://foodcomplaint.fsis.usda.gov/eCCF/</a></p>
",2023,Spanish,True,2023,Nationwide,High - Class I,FSIS_RECALLS
Don Miguel Foods Recalls Frozen Ready-To-Eat Carne Asada Burrito Products Due to Possible Listeria Contamination,http://www.fsis.usda.gov/recalls-alerts/don-miguel-foods-recalls-frozen-ready-eat-carne-asada-burrito-products-due-possible,False,Nationwide,True,2024-03-18,2024,"
  Company Contact
  
    Don Miguel Foods Consumer Engagement
    
        800-523-4635
          

, 
  Company Contact
  
    Don Miguel Foods Media Relations
    
              media@mmxfoods.com
      

",RC-047-2023-Retail-List.pdf,,"Don Miguel Mexican Foods, Inc.",Recall 047-2023_food label.pdf,Meredith Carothers,High - Class I,2023-10-13,,Fully Cooked - Not Shelf Stable,•	7-oz. individual wax paper packages containing “DON MIGUEL Hand Made BURRITO CARNE ASADA” with date code D23270 printed on the package.,"10,159 lbs",Class I,2023-10-13,047-2023,Product Contamination,Closed Recall,False,"<p><strong>WASHINGTON, </strong>Oct. 13, 2023 – Don Miguel Foods, a Dallas, Texas establishment, is recalling approximately 10,642 pounds of frozen ready-to-eat (RTE) carne asada burrito products that may be adulterated with<em> Listeria monocytogenes</em>, the U.S. Department of Agriculture’s Food Safety and Inspection Service (FSIS) announced today.</p>
<p>The frozen RTE carne asada burrito items were produced on September 27, 2023. The following products are subject to recall [<a href=""https://www.fsis.usda.gov/sites/default/files/food_label_pdf/2023-10/Recall%20047-2023_food%20label.pdf"">view labels</a>]:</p>
<ul>
<li>7-oz. individual wax paper packages containing “DON MIGUEL Hand Made BURRITO CARNE ASADA” with date code D23270 printed on the package.</li>
</ul>
<p>The products subject to recall bear establishment number “EST. 20049” inside the USDA mark of inspection. These items were shipped to retail convenience store locations nationwide. &nbsp; &nbsp; &nbsp; &nbsp; &nbsp; &nbsp; &nbsp; &nbsp; &nbsp; &nbsp; &nbsp; &nbsp; &nbsp; &nbsp;</p>
<p>The problem was discovered after the establishment’s laboratory testing indicated the product may be contaminated with <em>Listeria monocytogenes</em>. The establishment notified FSIS that some of the affected product was distributed into commerce.</p>
<p>There have been no confirmed reports of adverse reactions due to consumption of these products. Anyone concerned about an injury or illness should contact a healthcare provider.&nbsp;&nbsp;</p>
<p>Consumption of food contaminated with <em>L. monocytogenes </em>can cause listeriosis, a serious infection that primarily affects older adults, persons with weakened immune systems, and pregnant women and their newborns. Less commonly, persons outside these risk groups are affected.</p>
<p>Listeriosis can cause fever, muscle aches, headache, stiff neck, confusion, loss of balance and convulsions sometimes preceded by diarrhea or other gastrointestinal symptoms. An invasive infection spreads beyond the gastrointestinal tract. In pregnant women, the infection can cause miscarriages, stillbirths, premature delivery or life-threatening infection of the newborn. In addition, serious and sometimes fatal infections in older adults and persons with weakened immune systems. Listeriosis is treated with antibiotics. Persons in the higher-risk categories who experience flu-like symptoms within two months after eating contaminated food should seek medical care and tell the health care provider about eating the contaminated food.</p>
<p>FSIS is concerned that some product may be in consumers’ freezers. Consumers who have purchased these products are urged not to consume them. These products should be thrown away or returned to the place of purchase.</p>
<p>FSIS routinely conducts recall effectiveness checks to verify recalling firms notify their<strong> </strong>customers of the recall and that steps are taken to make certain that the product is no longer available to consumers. When available, the retail distribution list(s) will be posted on the FSIS website at&nbsp;<a href=""http://www.fsis.usda.gov/recalls"">www.fsis.usda.gov/recalls</a>.</p>
<p>Media with questions regarding the recall can contact Don Miguel Foods Media Relations at <a href=""mailto:media@mmxfoods.com"">media@mmxfoods.com</a>. Consumers with questions regarding the recall can contact Don Miguel Foods Consumer Engagement, at 800-523-4635 or <a href=""http://www.megamexfoods.com/contact-us/"">www.megamexfoods.com/contact-us/</a>.</p>
<p>Consumers with food safety questions can call the toll-free USDA Meat and Poultry Hotline at 888-MPHotline (888-674-6854) or send a question via email to <a href=""mailto:MPHotline@usda.gov"">MPHotline@usda.gov</a>. For consumers that need to report a problem with a meat, poultry, or egg product, the online Electronic Consumer Complaint Monitoring System can be accessed 24 hours a day at <a href=""https://gcc02.safelinks.protection.outlook.com/?url=https%3A%2F%2Ffoodcomplaint.fsis.usda.gov%2FeCCF%2F&amp;data=05%7C01%7CMelissa.Cordell%40usda.gov%7C2ffd2d584176447889ea08dbb48bd749%7Ced5b36e701ee4ebc867ee03cfa0d4697%7C1%7C0%7C638302284933732023%7CUnknown%7CTWFpbGZsb3d8eyJWIjoiMC4wLjAwMDAiLCJQIjoiV2luMzIiLCJBTiI6Ik1haWwiLCJXVCI6Mn0%3D%7C3000%7C%7C%7C&amp;sdata=Jx%2BVgXbvTA0YVfEYBwKrSu9MQne%2BUQZ3bT04yRxlrAI%3D&amp;reserved=0"">https://foodcomplaint.fsis.usda.gov/eCCF/</a>.</p>
",2023,English,True,2023,Nationwide,High - Class I,FSIS_RECALLS
ConAgra Brands Inc. Retira Plato Preparado Congelado De Tiras De Pollo Debido A Una Posible Contaminación Con Materia Extraña,http://www.fsis.usda.gov/es/retirada/conagra-brands-inc--retira-plato-preparado-congelado-de-tiras-de-pollo-debido-a-una,False,Nationwide,True,2024-02-06,2024,"
  Company Contact
  
    Sr. Director of Communications, Conagra Brands
    Daniel Hare
        312-549-5355
          

, 
  Company Contact
  
     Conagra Brands Consumer Care
    
        (800) 921-7404
              consumer.care@conagra.com
      

",RC_040-2023_Retail_Distribution_List.pdf,,"Conagra Brands (Conagra Foods Packaged Foods, LLC)",recall-labels-040-2023.pdf,Veronica Pegram-Williams,High - Class I,2023-10-24,,Heat Treated - Not Fully Cooked - Not Shelf Stable,"Caja de 8.9-oz. que contiene un plato preparado de “BANQUET CHICKEN STRIPS MEAL” (PLATO BANQUETE DE TIRAS DE POLLO) con fechas de &quot;mejor usar antes del día&quot; del “DIC 11 2024”, “ENE 01 2025”, ó el “ENE 07 2025” y números de lote 5009317120, 5009319220, ó 5","334,535 lbs",Class I,2023-09-02,040-2023,Product Contamination,Closed Recall,False,"<p><strong>WASHINGTON, 2 de sep. de 2023 –</strong> Conagra Brands, Inc., una compañía en Marshall, Mo. está retirando aproximadamente 245 366 libras de productos congelados de plato preparado de tiras de pollo que podrían estar contaminados con materiales extraños, en especial pedazos de plástico, anunció hoy el Servicio de Inocuidad e Inspección de Alimentos (FSIS, por sus siglas en inglés) del Departamento de Agricultura de los EE.UU.&nbsp;</p>
<p>Los productos congelados de plato preparado de tiras de pollo fueron producidos el 20 de junio de 2023, el 11 de julio de 2023 y el 17 de julio de 2023. Los siguientes productos son objeto de la retirada <a href=""https://gcc02.safelinks.protection.outlook.com/?url=https%3A%2F%2Fwww.fsis.usda.gov%2Fsites%2Fdefault%2Ffiles%2Ffood_label_pdf%2F2023-09%2Frecall-labels-040-2023.pdf&amp;data=05%7C01%7CVeronica.Pegram%40usda.gov%7C1c8b9e7c9fb74cd1991508dbac0e22cf%7Ced5b36e701ee4ebc867ee03cfa0d4697%7C1%7C0%7C638292948928230711%7CUnknown%7CTWFpbGZsb3d8eyJWIjoiMC4wLjAwMDAiLCJQIjoiV2luMzIiLCJBTiI6Ik1haWwiLCJXVCI6Mn0%3D%7C3000%7C%7C%7C&amp;sdata=RxA%2B15K7mLRCYf4mF%2FIIjxh%2Fme%2B9DpupGVNUxYPCsYg%3D&amp;reserved=0"">[ver etiquetas]</a>:</p>
<ul>
<li>Caja de 8.9-oz. que contiene un plato preparado de “BANQUET CHICKEN STRIPS MEAL” (PLATO BANQUETE DE TIRAS DE POLLO) con fechas de ""mejor usar antes del día"" del “DIC 11 2024”, “ENE 01 2025”, ó el “ENE 07 2025” y números de lote 5009317120, 5009319220, ó 5009319820 indicados en el costado de la caja.</li>
</ul>
<p>Los productos objeto de la retirada están marcados con el número de establecimiento ""EST. P-9"" impreso en el costado de la caja. Estos productos fueron enviados a establecimientos comerciales&nbsp;a nivel nacional y también vendidos en línea.&nbsp; &nbsp; &nbsp; &nbsp; &nbsp; &nbsp; &nbsp; &nbsp; &nbsp;</p>
<p>El problema se descubrió cuando la empresa le notificó al FSIS que había recibido una queja de un consumidor indicando que había plástico en la porción de tira de pollo del producto, lo cual produjo una lesión oral asociada al consumo de este producto.</p>
<p>El FSIS no ha recibido reportes adicionales que indiquen lesiones o enfermedades debidas al consumo de estos productos. Cualquier persona que tenga inquietudes acerca de lesiones o enfermedades debe contactar a un proveedor de servicios de salud.&nbsp;</p>
<p>El FSIS muestra preocupación porque parte del producto puede estar en los congeladores de los consumidores. Se le urge a los consumidores que compraron estos productos que no los consuman. Estos productos deben ser desechados o devueltos al punto de venta.</p>
<p>El FSIS realiza revisiones sobre la efectividad de retirada de manera rutinaria para verificar que las empresas que realicen una retirada se la notifiquen a sus clientes y que se sigan los pasos necesarios para asegurarse de que el producto ya no esté al alcance de los consumidores. Cuando están disponibles, las listas de distribución al detalle se publican en el sitio web del FSIS <a href=""http://www.fsis.usda.gov/recalls"">www.fsis.usda.gov/avisos</a>.</p>
<p>Los medios con preguntas acerca de la retirada pueden contactar a Daniel Hare, Director Senior de Comunicaciones de Conagra Brands, al (312) 549-5355. Los consumidores que tengan preguntas sobre la retirada se pueden contactar con Asuntos del Consumidor de Conagra Brands al (800) 921-7404 o por email en consumer.care@conagra.com&nbsp;</p>
<p>Los consumidores con preguntas acerca de la salubridad de alimentos pueden llamar al número gratuito del USDA - Línea de Información sobre Carnes y Aves 888-MPHotline (888-674-6854) o contactar a través de chat en vivo con <a href=""https://ask.usda.gov/"">Ask USDA</a> entre las 10 a.m. y las 6 p.m. (Hora del Este) de lunes a viernes. Los consumidores también pueden consultar los mensajes de salubridad de alimentos en <a href=""https://ask.usda.gov/"">Ask USDA</a> o enviar una pregunta por correo electrónico a <a href=""mailto:MPHotline@usda.gov"">MPHotline@usda.gov</a>. Los consumidores que necesiten reportar un problema con productos de carne, aves o de huevos, pueden acceder al Sistema Electrónico de Seguimiento de Quejas de Consumidores las 24 horas del día en <a href=""https://foodcomplaint.fsis.usda.gov/eCCF/"">https://foodcomplaint.fsis.usda.gov/eCCF/</a>.</p>
",2023,Spanish,True,2023,Nationwide,High - Class I,FSIS_RECALLS
ConAgra Brands Inc. Recalls Banquet Brand Frozen Chicken Strips Entree Due to Possible Foreign Matter Contamination,http://www.fsis.usda.gov/recalls-alerts/conagra-brands-inc--recalls-banquet-brand-frozen-chicken-strips-entree-due-possible,False,Nationwide,True,2024-02-06,2024,"
  Company Contact
  
    Sr. Director of Communications, Conagra Brands
    Daniel Hare
        312-549-5355
          

, 
  Company Contact
  
     Conagra Brands Consumer Care
    
        (800) 921-7404
              consumer.care@conagra.com
      

",RC_040-2023_Retail_Distribution_List.pdf,,"Conagra Brands (Conagra Foods Packaged Foods, LLC)",recall-labels-040-2023.pdf,Veronica Pegram-Williams,High - Class I,2023-09-02,,Heat Treated - Not Fully Cooked - Not Shelf Stable,"8.9-oz. carton containing one entree of &quot;BANQUET CHICKEN STRIPS MEAL&quot; with best if used by &quot;DEC 11 2024,&quot; &quot;JAN 01 2025,&quot; or &quot;JAN 07 2025&quot; and lot numbers 5009317120, 5009319220, or 5009319820 located on the side of the carton.","334,535 lbs",Class I,2023-09-02,040-2023,Product Contamination,Closed Recall,False,"<p><strong>WASHINGTON, Sept. 2, 2023 - </strong>Conagra Brands, Inc, a Marshall, Mo. establishment, is recalling approximately 245,366 pounds of frozen chicken strips entree products that may be contaminated with extraneous materials, specifically pieces of plastic, the U.S. Department of Agriculture's Food Safety and Inspection Service (FSIS) announced today.</p>

<p>The frozen chicken strips entrees were produced on June 20, 2023, July 11, 2023, and July 17, 2023. The following products are subject to recall [<a data-entity-substitution=""file"" data-entity-type=""file"" data-entity-uuid=""4065bdf8-a772-4adf-a156-fee5b95a30be"" href=""/sites/default/files/food_label_pdf/2023-09/recall-labels-040-2023.pdf"">view labels</a>]:</p>

<ul>
	<li>8.9-oz. carton containing one entree of ""BANQUET CHICKEN STRIPS MEAL"" with best if used by ""DEC 11 2024,"" ""JAN 01 2025,"" or ""JAN 07 2025"" and lot numbers 5009317120, 5009319220, or 5009319820 located on the side of the carton.</li>
</ul>

<p>The products subject to recall bear establishment number ""EST. P-9"" printed on the side of the carton. These items were shipped to retail locations nationwide and were also sold online.</p>

<p>The problem was discovered when the firm notified FSIS that it received a consumer complaint of plastic in the chicken strip portion of the product, which resulted in an oral injury associated with consumption of this product.</p>

<p>FSIS has received no additional reports of injury or illness from consumption of these products. Anyone concerned about an injury or illness should contact a healthcare provider.&nbsp;&nbsp;</p>

<p>FSIS is concerned that some product may be in consumers' freezers. Consumers who have purchased these products are urged not to consume them. These products should be thrown away or returned to the place of purchase.</p>

<p>FSIS routinely conducts recall effectiveness checks to verify recalling firms notify their<strong> </strong>customers of the recall and that steps are taken to make certain that the product is no longer available to consumers. When available, the retail distribution list(s) will be posted on the FSIS website at&nbsp;<a href=""http://www.fsis.usda.gov/recalls"">www.fsis.usda.gov/recalls</a>.</p>

<p>Members of the media with questions about the recall can contact Daniel Hare, Sr. Director of Communications, Conagra Brands, at 312-549-5355. Consumers with questions about the recall can contact Conagra Brands Consumer Care at (800) 921-7404 or email consumer.care@conagra.com&nbsp;</p>

<p>Consumers with food safety questions can call the toll-free USDA Meat and Poultry Hotline at 888-MPHotline (888-674-6854) or live chat via <a href=""https://ask.usda.gov/"">Ask USDA</a> from 10 a.m. to 6 p.m. (Eastern Time) Monday through Friday. Consumers can also browse food safety messages at <a href=""https://ask.usda.gov/"">Ask USDA</a> or send a question via email to <a href=""mailto:MPHotline@usda.gov"">MPHotline@usda.gov</a>. For consumers that need to report a problem with a meat, poultry, or egg product, the online Electronic Consumer Complaint Monitoring System can be accessed 24 hours a day at <a href=""https://foodcomplaint.fsis.usda.gov/eCCF/"">https://foodcomplaint.fsis.usda.gov/eCCF/</a>.</p>
",2023,English,True,2023,Nationwide,High - Class I,FSIS_RECALLS
"Mulan Dumpling, LLC, Recalls Frozen Meat and Poultry Dumpling Products Produced Without Benefit of Inspection",http://www.fsis.usda.gov/recalls-alerts/mulan-dumpling-llc-recalls-frozen-meat-and-poultry-dumpling-products-produced,False,Nationwide,True,2023-11-09,2023,"
  Company Contact
  
    Mulan Dumpling, LLC
    Kristy Lam
        (202) 813-0595
              info@mulandumpling.com
      

",RC-031-2023-Retail-Distribution-List.pdf ,,,Food-Labels-Recall-031-2023-Mulan-Dumpling-Labels-3.pdf,Bailey McWilliams,High - Class I,2023-07-27,,Raw - Non Intact," • 8-oz. plastic bag packages containing 10 pieces of “Mulan Dumpling Pork &amp; Cabbage Dumplings”., • 8-oz. plastic bag packages containing 10 pieces of “Mulan Dumpling Shrimp &amp; Chives Dumplings” containing pork.   , • 8-oz. plastic bag packages containing 10 pieces of “Mulan Dumpling Shrimp &amp; Chives Dumplings” containing pork.   ","3,060 lbs",Class I,2023-07-15,031-2023,Produced Without Benefit of Inspection,Closed Recall,False,"<p><strong>EDITOR'S NOTE: August 4, 2023 – </strong>Details of this recall were updated to expand the distribution of the product from Maryland, Virginia, and Washington, D.C. to retailers nationwide. Additionally, the dates the frozen dumpling products were produced have been extended from between February 20 and June 26, 2023, to various dates prior to June 26, 2023.<strong> </strong></p>

<p><strong>EDITOR’S NOTE: July 27, 2023</strong> - Details of this recall were updated to include an increase of 21,314 pounds to the original 1,560 pounds for a total of 22,874 pounds of product subject to recall.</p>

<p>WASHINGTON, July 15, 2023 – Mulan Dumpling, LLC, a Hyattsville, Md. establishment, is recalling approximately 22,874 pounds of frozen meat and poultry dumpling products that were produced without the benefit of federal inspection, the U.S. Department of Agriculture’s Food Safety and Inspection Service (FSIS) announced today.</p>

<p>Several types of frozen dumpling products were produced between February 20 and June 26, 2023. The following products are subject to recall [<a href=""/sites/default/files/food_label_pdf/2023-07/Food-Labels-Recall-031-2023-Mulan-Dumpling-Labels-3.pdf"">view labels</a>]:</p>

<ul>
	<li>8-oz. plastic bag packages containing 10 pieces of “Mulan Dumpling Pork &amp; Cabbage Dumplings”.</li>
	<li>8-oz. plastic bag packages containing 10 pieces of “Mulan Dumpling Curry Seasoned Chicken Dumplings”.</li>
	<li>8-oz. plastic bag packages containing 10 pieces of “Mulan Dumpling Shrimp &amp; Chives Dumplings” containing pork.</li>
</ul>

<p>Although the products subject to recall bear the USDA mark of inspection, they were produced in an establishment without a federal grant of inspection. These items were shipped to retail grocery store locations in Maryland, Virginia, and Washington, D.C.</p>

<p>The problem was discovered when FSIS received a referral from the Maryland Department of Health and observed that the meat and poultry dumpling products were produced and sold by an establishment that was not inspected by FSIS.</p>

<p>There have been no confirmed reports of adverse reactions due to consumption of these products. Anyone concerned about a reaction should contact a healthcare provider.&nbsp;&nbsp;</p>

<p>FSIS is concerned that some product may be in consumers’ freezers. Consumers who have purchased these products are urged not to consume them. These products should be thrown away or returned to the place of purchase.</p>

<p>FSIS routinely conducts recall effectiveness checks to verify recalling firms notify their customers of the recall and that steps are taken to make certain that the product is no longer available to consumers. When available, the retail distribution list(s) will be posted on the FSIS website at&nbsp;<a href=""http://www.fsis.usda.gov/recalls"">www.fsis.usda.gov/recalls</a>.</p>

<p>Consumers and members of the media with questions about the recall can contact Kristy Lam, Owner, Mulan Dumpling, LLC, at 202-813-0595 or info@mulandumpling.com.</p>

<p>Consumers with food safety questions can call the toll-free USDA Meat and Poultry Hotline at 888-MPHotline (888-674-6854) or live chat via <a href=""https://ask.usda.gov/"">Ask USDA</a> from 10 a.m. to 6 p.m. (Eastern Time) Monday through Friday. Consumers can also browse food safety messages at&nbsp;<a href=""https://ask.usda.gov/"">Ask USDA</a>&nbsp;or send a question via email to <a href=""mailto:MPHotline@usda.gov"">MPHotline@usda.gov</a>. For consumers that need to report a problem with a meat, poultry, or egg product, the online Electronic Consumer Complaint Monitoring System can be accessed 24 hours a day at <a href=""https://foodcomplaint.fsis.usda.gov/eCCF/"">https://foodcomplaint.fsis.usda.gov/eCCF/</a>.</p>
",2023,English,False,2023,Nationwide,High - Class I,FSIS_RECALLS
"Suya Slice LLC, Recalls Ready-to-Eat Beef Products Produced Without Benefit of Inspection",http://www.fsis.usda.gov/recalls-alerts/suya-slice-llc-recalls-ready-eat-beef-products-produced-without-benefit-inspection,False,Nationwide,True,2023-10-02,2023,"
  Company Contact
  
    Suya Slice, LLC
    Noheem Oni
        (662) 812-7845
              suyaslice@gmail.com
      

",RecallRetailConsignee_030-2023_31JUL2023.pdf ,,,Food-Labels-Recall-030-2023.pdf,Bailey McWilliams,High - Class I,2023-07-14,,Fully Cooked - Not Shelf Stable,"• 1.5-oz. plastic resealable bag packages of beef jerky containing “Suya Slice Kilishi Beef Jerky” on the label.  , • 5-oz. plastic resealable bag packages of marinated skewered beef containing “Suya Slice Suya” on the label.   ",13 lbs,Class I,2023-07-14,030-2023,Produced Without Benefit of Inspection,Closed Recall,False,"<p><strong>WASHINGTON, July 14, 2023 –</strong> Suya Slice, LLC, a Memphis, Tenn. establishment, is recalling approximately 445 pounds of ready-to-eat beef products that were produced without the benefit of federal inspection, the U.S. Department of Agriculture’s Food Safety and Inspection Service (FSIS) announced today.</p>
<p>The ready-to-eat beef jerky and marinated skewered beef products were produced between Oct. 16, 2021, and May 20, 2023. The following products are subject to recall <a href=""/sites/default/files/food_label_pdf/2023-07/Food-Labels-Recall-030-2023.pdf"">[view labels</a>]:</p>
<ul>
<li>1.5-oz. plastic resealable bag packages of beef jerky containing “Suya Slice Kilishi Beef Jerky” on the label.</li>
<li>5-oz. plastic resealable bag packages of marinated skewered beef containing “Suya Slice Suya” on the label.</li>
</ul>
<p>The products subject to recall do not bear the USDA mark of inspection. These items were shipped directly to customers via online sales and to retail locations nationwide.</p>
<p>The problem was discovered when FSIS followed up on a referral from the Illinois Department of Agriculture and observed beef products that did not have the USDA mark of inspection at a retail location. Upon further investigation, FSIS determined that the products were not produced in an FSIS-inspected establishment.</p>
<p>There have been no confirmed reports of adverse reactions due to consumption of these products. Anyone concerned about a reaction should contact a healthcare provider.&nbsp;&nbsp;</p>
<p>FSIS is concerned that some product may be in consumers’ pantries, refrigerators, or freezers. Consumers who have purchased these products are urged not to consume them. These products should be thrown away or returned to the place of purchase.</p>
<p>FSIS routinely conducts recall effectiveness checks to verify recalling firms notify their customers of the recall and that steps are taken to make certain that the product is no longer available to consumers. When available, the retail distribution list(s) will be posted on the FSIS website at&nbsp;<a href=""/recalls"">www.fsis.usda.gov/recalls</a>.</p>
<p>Consumers and members of the media with questions about the recall can contact Noheem Oni, Manager, Suya Slice, LLC, at 662-812-7845 or suyaslice@gmail.com.</p>
<p>Consumers with food safety questions can call the toll-free USDA Meat and Poultry Hotline at 888-MPHotline (888-674-6854) or live chat via <a href=""https://ask.usda.gov/"">Ask USDA</a> from 10 a.m. to 6 p.m. (Eastern Time) Monday through Friday. Consumers can also browse food safety messages at <a href=""https://ask.usda.gov/"">Ask USDA</a> or send a question via email to&nbsp;<a href=""mailto:MPHotline@usda.gov"">MPHotline@usda.gov</a>. For consumers that need to report a problem with a meat, poultry, or egg product, the online Electronic Consumer Complaint Monitoring System can be accessed 24 hours a day at <a href=""https://foodcomplaint.fsis.usda.gov/eCCF/"">https://foodcomplaint.fsis.usda.gov/eCCF/</a>.</p>
",2023,English,False,2023,Nationwide,High - Class I,FSIS_RECALLS
J.T.M. Provisions Company Recalls Ready-To-Eat Homestyle Chili Topping Product Due to Misbranding and an Undeclared Allergen,http://www.fsis.usda.gov/recalls-alerts/j-t-m--provisions-company-recalls-ready-eat-homestyle-chili-topping-product-due,False,Nationwide,True,2023-07-26,2023,"
  Company Contact
  
    J.T.M. Provisions Company
    Matt Montgomery
        (513) 367-4900
              mmontgomery@jtmfoodgroup.com
      

",Recall_Retail_Consignee_022-2023_23JUN2023.pdf,,J.T.M. Provisions Company,Recall-022-2023-food-labels.pdf,Maria Machuca,High - Class I,2023-06-09,,Fully Cooked - Not Shelf Stable,•	5-lb. boilable plastic bags of “Gordon Choice® Homestyle Chili Topping” with lot code 230732002.,"13,465-lbs of product",Class I,2023-06-09,022-2023,"Misbranding, Unreported Allergens",Closed Recall,False,"<p><strong>WASHINGTON, June 9, 2023</strong> – J.T.M. Provisions Company, a Harrison, Ohio establishment, is recalling approximately 200 pounds of ready-to-eat (RTE) chili topping product due to misbranding and an undeclared allergen, the U.S. Department of Agriculture’s Food Safety and Inspection Service (FSIS) announced today. The product labeled as chili topping may actually contain beef taco filling, which contains soy, a known allergen, that is not declared on the product label.&nbsp;</p>
<p>The frozen, RTE Homestyle Chili Topping packages, which may actually contain beef taco filling, were produced March 14, 2023, and packed inside cases labeled as beef taco filling. The following product is subject to recall [<a href=""https://www.fsis.usda.gov/sites/default/files/food_label_pdf/2023-06/Recall-022-2023-food-labels.pdf"">view label</a>]:</p>
<ul>
<li>5-lb. boilable plastic bags of “Gordon Choice® Homestyle Chili Topping” with lot code 230732002.</li>
</ul>
<p>The product subject to recall bears establishment number “1917A” inside the USDA mark of inspection. This item was shipped to institutional and retail locations nationwide. &nbsp; &nbsp; &nbsp; &nbsp; &nbsp; &nbsp; &nbsp; &nbsp; &nbsp; &nbsp; &nbsp; &nbsp; &nbsp;&nbsp;</p>
<p>The problem was discovered when the producing establishment notified FSIS that it had received a consumer complaint that bags labeled as homestyle chili topping contained beef taco filling.</p>
<p>There have been no confirmed reports of adverse reactions due to consumption of these products. Anyone concerned about an injury or illness should contact a healthcare provider.&nbsp;&nbsp;</p>
<p>FSIS is concerned that some product may be in institutional or consumers’ freezers. Consumers who have purchased these products are urged not to consume them and institutions are urged not to serve these products. These products should be thrown away or returned to the place of purchase.</p>
<p>FSIS routinely conducts recall effectiveness checks to verify recalling firms notify their customers of the recall and that steps are taken to make certain that the product is no longer available to consumers. When available, the retail distribution lists will be posted on the FSIS website at <a href=""http://www.fsis.usda.gov/recalls"">www.fsis.usda.gov/recalls</a>.</p>
<p>Consumers and members of the media with questions about the recall can contact Matt Montgomery, Chief Financial Officer, J.T.M. Provisions Company, at 513-367-4900, Ext. 117 or <a href=""mailto:mmontgomery@jtmfoodgroup.com"">mmontgomery@jtmfoodgroup.com</a>.</p>
<p>Consumers with food safety questions can call the toll-free USDA Meat and Poultry Hotline at 888-MPHotline (888-674-6854) or live chat via <a href=""https://ask.usda.gov/"">Ask USDA</a> from 10 a.m. to 6 p.m. (Eastern Time) Monday through Friday. Consumers can also browse food safety messages at <a href=""https://ask.usda.gov/"">Ask USDA</a> or send a question via email to <a href=""mailto:MPHotline@usda.gov"">MPHotline@usda.gov</a>. For consumers that need to report a problem with a meat, poultry, or egg product, the online Electronic Consumer Complaint Monitoring System can be accessed 24 hours a day at <a href=""https://foodcomplaint.fsis.usda.gov/eCCF/"">https://foodcomplaint.fsis.usda.gov/eCCF/</a>.</p>
",2023,English,True,2023,Nationwide,High - Class I,FSIS_RECALLS
J.T.M. Provisions Company  Retira Productos De Adición Para Chile Casero Listo Para Consumir Debido A Un Error De Rotulación Y Alérgenos No Declarados,http://www.fsis.usda.gov/es/retirada/j-t-m--provisions-company-retira-productos-de-adicion-para-chile-casero-listo-para,False,Nationwide,True,2023-07-26,2023,"
  Company Contact
  
    J.T.M. Provisions Company
    Matt Montgomery
        (513) 367-4900
              mmontgomery@jtmfoodgroup.com
      

",,,J.T.M. Provisions Company,Recall-022-2023-food-labels.pdf,Maria Machuca,High - Class I,2023-06-09,,Fully Cooked - Not Shelf Stable,• Bolsas de plástico hervibles de 5 lb. de “Gordon Choice® Homestyle Chili Topping” (“Gordon Choice® Adición para Chile Casero”) con código de lote 230732002.,"13,465-lbs of product",Class I,2023-06-09,022-2023,"Misbranding, Unreported Allergens",Closed Recall,False,"<p>&nbsp;</p>
<p><strong>WASHINGTON, 9 de junio de 2023 -</strong> J.T.M. Provisions Company, una compañía en Harrison, Ohio, está retirando aproximadamente 200 libras de producto de adición para chile listo para consumir (RTE, por sus siglas en inglés) debido a un error de rotulación y a un alérgeno no declarado, anunció hoy el Servicio de Inocuidad e Inspección de Alimentos (FSIS, por sus siglas en inglés) del Departamento de Agricultura de los EE.UU. (USDA, por sus siglas en inglés). El producto etiquetado como adición para chile puede contener en realidad relleno para tacos de carne de res, que contiene soya, un alérgeno conocido, que no está declarado en la etiqueta del producto.&nbsp;</p>
<p>Los paquetes congelados de Adición para Chile Estilo Casero listos para consumir, que en realidad pueden contener relleno para tacos de carne de res, fueron producidos el 14 de marzo de 2023 y empacados dentro de cajas etiquetadas como relleno para tacos de carne de res. El siguiente producto es objeto de la retirada [<a href=""https://www.fsis.usda.gov/sites/default/files/food_label_pdf/2023-06/Recall-022-2023-food-labels.pdf"">ver la etiqueta</a>]:</p>
<ul>
<li>Bolsas de plástico hervibles de 5 lb. de “Gordon Choice® Homestyle Chili Topping” (“Gordon Choice® Adición para Chile Casero”) con código de lote 230732002.</li>
</ul>
<p>El producto objeto de la retirada está marcado con el número de establecimiento “1917A” dentro del sello de inspección del USDA. Este producto fue enviado a establecimientos institucionales y comerciales&nbsp;a nivel nacional.</p>
<p>El problema fue descubierto cuando el establecimiento productor notificó al FSIS que había recibido una queja de un consumidor en la que se indicaba que las bolsas etiquetadas como adición para chile casero contenían relleno para tacos de carne de res.</p>
<p>No hay reportes confirmados de reacciones adversas debido al consumo de estos productos. Cualquier persona que tenga inquietudes acerca de lesiones o enfermedades debe contactar a un proveedor de servicios de salud.&nbsp;</p>
<p>El FSIS muestra preocupación porque parte del producto puede estar en los congeladores de los consumidores o de las instituciones. Se les urge a los consumidores que compraron estos productos que no los consuman y a las instituciones que no los sirvan. Estos productos deben ser desechados o devueltos al punto de venta.</p>
<p>El FSIS realiza revisiones sobre la efectividad de retirada de manera rutinaria para verificar que las empresas que realizan una retirada les notifiquen a sus clientes de esta y que se sigan los pasos necesarios para asegurarse de que el producto ya no esté al alcance de los consumidores. Cuando están disponibles, las listas de distribución al detalle se publican en el sitio web del FSIS <a href=""http://www.fsis.usda.gov/recalls"">www.fsis.usda.gov/avisos</a>.</p>
<p>Los consumidores y los medios con preguntas sobre la retirada pueden contactar a Matt Montgomery, Director Financiero de J.T.M. Provisions Company, en el 513-367-4900 Ext. 117 o en mmontgomery@jtmfoodgroup.com.</p>
<p>Los consumidores con preguntas sobre la inocuidad de alimentos pueden llamar a la línea de información gratuita sobre Carnes y Aves de Corral del USDA al 888-MPHotline (888-674-6854) o a través del chat en vivo <a href=""https://ask.usda.gov/"">Pregúntele al USDA</a> de 10 a.m. a 6 p.m. (Hora del Este) de lunes a viernes. Los consumidores también pueden consultar los mensajes de salubridad de alimentos en <a href=""https://ask.usda.gov/"">Pregúnte al USDA</a> o enviar una pregunta por correo electrónico a <a href=""mailto:MPHotline@usda.gov"">MPHotline@usda.gov</a>. Para los consumidores que necesiten reportar un problema con productos de carnes, aves de corral o huevos, el Sistema Electrónico de Monitoreo de Quejas del Consumidor en la web, puede ser accedido las 24 horas del día en: <a href=""https://foodcomplaint.fsis.usda.gov/eCCF/"">https://foodcomplaint.fsis.usda.gov/eCCF/</a>.</p>
<p>&nbsp;</p>
",2023,Spanish,True,2023,Nationwide,High - Class I,FSIS_RECALLS
Abbyland Foods Retira Productos Congelados De Tortas De Salchicha De Pavo Debido A Un Error De Rotulación Y Un Alérgeno No Declarado,http://www.fsis.usda.gov/es/retirada/abbyland-foods-retira-productos-congelados-de-tortas-de-salchicha-de-pavo-debido-a-un,False,Nationwide,True,2024-01-11,2024,"
  Company Contact
  
    Technical Director, Abbyland Foods
    Fritz Brown
        715-223-6386, Ext. 7208
          

, 
  Company Contact
  
    HR Director, Abbyland Foods
    Janalee Velazquez
        715-223-6386, Ext. 7701
          

",,,"Abbyland Foods, Inc.",recall-labels-014-2023.pdf,Mitch Adams,High - Class I,2023-04-21,,Fully Cooked - Not Shelf Stable,Bolsas de 5 lb.  sin etiqueta en cajas de 10 libras etiquetadas como “Jennie-O FULLY COOKED TURKEY SAUSAGE PATTIES” (TORTAS DE SALCHICHA DE PAVO TOTALMENTE COCIDAS Jennie-O) con código de lote 06223.,"10,870 pounds ",Class I,2023-04-21,014-2023,"Misbranding, Unreported Allergens",Closed Recall,False,"<p><strong>WASHINGTON, 21 de abril 2023</strong> – Abbyland Foods, una compañía en Abbotsford, Wis., está retirando aproximadamente 11 800 libras de albóndigas de pavo congelado etiquetadas como tortas de salchicha de pavo debido a un error de rotulación y un alérgeno no declarado, anunció hoy el Servicio de Inocuidad e Inspección de Alimentos (FSIS, por sus siglas en inglés) del Departamento de Agricultura de los EE.UU.&nbsp; Este producto contiene soya, un alérgeno conocido, que no está declarado en la etiqueta del producto.&nbsp;</p>

<p>Los productos congelados y totalmente cocidos de albóndiga de pavo etiquetados como tortas de salchicha de pavo fueron producidos el 3 de marzo de 2023. Los siguientes productos son objeto de la retirada::&nbsp;[<a href=""/sites/default/files/food_label_pdf/2023-04/recall-labels-014-2023.pdf"">Ver las Etiquetas</a>]</p>

<ul>
	<li>Bolsas de 5 lb. &nbsp;sin etiqueta en cajas de 10 libras etiquetadas como “Jennie-O FULLY COOKED TURKEY SAUSAGE PATTIES” (TORTAS DE SALCHICHA DE PAVO TOTALMENTE COCIDAS Jennie-O) con código de lote 06223.</li>
</ul>

<p>Los productos objeto de la retirada están marcados con el número de establecimiento ""P-17764"" dentro del sello de inspección del USDA. Estos productos fueron enviados a hoteles, restaurantes e instituciones&nbsp;a nivel nacional.</p>

<p>El problema se descubrió cuando el establecimiento le notificó al FSIS que un cliente de un establecimiento de alimentos le notificó de un problema con las etiquetas, este indicó que al abrir una caja de tortas de salchicha de pavo se encontró con albóndigas de pavo en su lugar. Las albóndigas contienen concentrado de proteína de soya; a su vez que la etiqueta de las tortas de salchicha no declara la soya como un ingrediente.</p>

<p>No ha habido reportes confirmados de reacciones adversas debido al consumo de estos productos. Cualquier persona que tenga inquietudes acerca de una enfermedad debe contactar a un proveedor de servicios de salud.&nbsp;</p>

<p>El FSIS muestra preocupación debido a que parte del producto puede estar en los congeladores de las instituciones. Se le urge a las instituciones que no sirvan estos productos. Estos productos deben ser desechados o devueltos al punto de venta.</p>

<p>El FSIS realiza revisiones sobre la efectividad de retirada de manera rutinaria para verificar que las empresas que realizan una retirada le notifiquen a sus clientes de esta y que se sigan los pasos necesarios para asegurarse de que el producto ya no esté al alcance de los consumidores.</p>

<p>Los consumidores con preguntas acerca de esta retirada pueden contactar a Fritz Brown, Director Técnico, Abbyland Foods, al 715-223-6386, Ext. 7208. Los consumidores con preguntas acerca de esta retirada pueden contactar a Janalee Velazquez, Director de RRHH, Abbyland Foods, al 715-223-6386, Ext. s</p>

<p>Los consumidores con preguntas acerca de la salubridad de alimentos pueden llamar al número gratuito del USDA - Línea de Información sobre Carnes y Aves 888-MPHotline (888-674-6854) o contactar a través de chat en vivo con <a href=""https://ask.usda.gov/"">Ask USDA</a> entre las 10 a.m. y las 6 p.m. (Hora del Este) de lunes a viernes. Los consumidores también pueden consultar los mensajes de salubridad de alimentos en <a href=""https://ask.usda.gov/"">Ask USDA</a> o enviar una pregunta por correo electrónico a <a href=""mailto:MPHotline@usda.gov"">MPHotline@usda.gov</a>. Los consumidores que necesiten reportar un problema con productos de carne, aves o de huevos, pueden acceder al Sistema Electrónico de Seguimiento de Quejas de Consumidores las 24 horas del día en <a href=""https://foodcomplaint.fsis.usda.gov/eCCF/"">https://foodcomplaint.fsis.usda.gov/eCCF/</a>.</p>
",2023,Spanish,True,2023,Nationwide,High - Class I,FSIS_RECALLS
Abbyland Foods Recalls Frozen Turkey Sausage Patties Products Due to Misbranding and Undeclared Allergen,http://www.fsis.usda.gov/recalls-alerts/abbyland-foods-recalls-frozen-turkey-sausage-patties-products-due-misbranding-and,False,Nationwide,True,2024-01-11,2024,"
  Company Contact
  
    Technical Director, Abbyland Foods
    Fritz Brown
        715-223-6386, Ext. 7208
          

, 
  Company Contact
  
    HR Director, Abbyland Foods
    Janalee Velazquez
        715-223-6386, Ext. 7701
          

",,,"Abbyland Foods, Inc.",recall-labels-014-2023.pdf,Mitch Adams,High - Class I,2023-04-21,,Fully Cooked - Not Shelf Stable,5-lb. unlabeled bags in 10-pound labeled boxes of &quot;Jennie-O FULLY COOKED TURKEY SAUSAGE PATTIES&quot; with lot code 06223.,"10,870 pounds ",Class I,2023-04-21,014-2023,"Misbranding, Unreported Allergens",Closed Recall,False,"<p><strong>WASHINGTON, April 21, 2023 - </strong>Abbyland Foods, an Abbotsford, Wis., establishment, is recalling approximately 11,800 pounds of frozen turkey meatballs that are labeled as turkey sausage patties due to misbranding and an undeclared allergen, the U.S. Department of Agriculture's Food Safety and Inspection Service (FSIS) announced today. The product contains soy, a known allergen, which is not declared on the product label.</p>

<p>The frozen, fully cooked turkey meatball products labeled as turkey sausage patties were produced March 3, 2023. The following products are subject to recall [<a data-entity-substitution=""file"" data-entity-type=""file"" data-entity-uuid=""e5b79695-4308-4d28-a2fe-f0c6529c4984"" href=""/sites/default/files/food_label_pdf/2023-04/recall-labels-014-2023.pdf"">view labels</a>]:</p>

<ul>
	<li>5-lb. unlabeled bags in 10-pound labeled boxes of ""Jennie-O FULLY COOKED TURKEY SAUSAGE PATTIES"" with lot code 06223.</li>
</ul>

<p>The products subject to recall bear establishment number ""P-17764"" inside the USDA mark of inspection. These items were shipped to hotels, restaurants, and institutions nationwide.</p>

<p>The problem was discovered when the establishment notified FSIS that a food service customer notified them of a labeling issue after they opened a box of frozen turkey sausage patties and discovered turkey meatballs instead. The meatballs contain soy protein concentrate, while the sausage patties label does not declare soy as an ingredient.</p>

<p>There have been no confirmed reports of adverse reactions due to consumption of these products. Anyone concerned about an illness should contact a healthcare provider.</p>

<p>FSIS is concerned that some product may be in institutional freezers. Institutions are urged not to serve these products. These products should be thrown away or returned to the place of purchase.</p>

<p>FSIS routinely conducts recall effectiveness checks to verify recalling firms notify their customers of the recall and that steps are taken to make certain that the product is no longer available to consumers.</p>

<p>Consumers with questions about the recall can contact Fritz Brown, Technical Director, Abbyland Foods, at 715-223-6386, Ext. 7208. Members of the media with questions about the recall can contact Janalee Velazquez, HR Director, Abbyland Foods, at 715-223-6386, Ext. 7701.</p>

<p>Consumers with food safety questions can call the toll-free USDA Meat and Poultry Hotline at 888-MPHotline (888-674-6854) or live chat via <a href=""https://ask.usda.gov/"">Ask USDA</a> from 10 a.m. to 6 p.m. (Eastern Time) Monday through Friday. Consumers can also browse food safety messages at <a href=""https://ask.usda.gov/"">Ask USDA</a> or send a question via email to <a href=""mailto:MPHotline@usda.gov"">MPHotline@usda.gov</a>. For consumers that need to report a problem with a meat, poultry, or egg product, the online Electronic Consumer Complaint Monitoring System can be accessed 24 hours a day at <a href=""https://foodcomplaint.fsis.usda.gov/eCCF/"">https://foodcomplaint.fsis.usda.gov/eCCF/</a>.</p>
",2023,English,True,2023,Nationwide,High - Class I,FSIS_RECALLS
"Weinstein Wholesale Meats, Inc. Retira Hamburguesas De Carne De Res Molida Cruda Debido A Un Posible Contaminación Con Materia Extraña",http://www.fsis.usda.gov/es/retirada/weinstein-wholesale-meats-inc--retira-hamburguesas-de-carne-de-res-molida-cruda-debido-a,False,Nationwide,True,2023-05-31,2023,"
  Company Contact
  
    Chief Marketing Officer, Pre Brands LLC
    Nicole Schumacher
        844-773-3663
              reachus@eatpre.com
      

, 
  Company Contact
  
    Chief Operating Officer, Weinstein Wholesale Meats Inc.
    Paul Esposito
        630-390-9138
              media@weinsteinmeats.com
      

",,,Weinstein Wholesale Meats Inc,recall-labels-012-2023.pdf,Bailey McWilliams,High - Class I,2023-04-20,,Raw - Non Intact,•	Paquetes sellados al vacio de 10.7 onzas con dos piezas de &quot;100% Grass Fed &amp; Finished Beef Burger Patties 85% Lean/15% Fat” con indicación de usar/congelar antes de 11/4/2023&quot; en la etiqueta del empaque.,zero pounds of product,Class I,2023-04-20,012-2023,Product Contamination,Closed Recall,False,"<p><strong>WASHINGTON, 20, de abril de 2023</strong> – Weinstein Wholesale Meats, Inc., un establecimiento de Forest Park, Ill. está retirando aproximadamente 2,122 libras de hamburguesas de carne de res molida crudas que podrían estar contaminadas con materia extra, específicamente con pedazos de neopreno, blanco, anunció hoy el Servicio de Inocuidad e Inspección de Alimentos (FSIS) del Departamento de Agricultura de los EE. UU.</p>

<p>Las hamburguesas de carne de res molida fueron producidas el 14 de marzo de 2023. Los siguientes productos son objeto de la retirada&nbsp;[<a href=""/sites/default/files/food_label_pdf/2023-04/recall-labels-012-2023.pdf"">ver etiquetas</a>]:&nbsp;</p>

<ul>
	<li>Paquetes sellados al vacio de 10.7 onzas con dos piezas de ""100% Grass Fed &amp; Finished Beef Burger Patties 85% Lean/15% Fat” con indicación de usar/congelar antes de 11/4/2023"" en la etiqueta del empaque.</li>
</ul>

<p>Los productos sujetos a retirada están marcados con el número de establecimiento ""Est. 6987 dentro del sello de inspección del USDA. Estos artículos fueron enviados a un distribuidor en línea, que vendió el producto a clientes en todo el país.</p>

<p>El problema se descubrió cuando es establecimiento recibió varias quejas de consumidores informando que los consumidores habían encontrado material ""similar al caucho"" en las hamburguesas de carne molida durante la preparación.</p>

<p>No han habido informes confirmados de reacciones adversas debido al consumo de estos productos. Cualquier persona que tenga inquietudes acerca de lesiones o enfermedades provider.</p>

<p>El FSIS expresa su preocupación debido a que parte del producto podría estar en los refrigeradores o congeladores de los consumidores. Se le urge a los consumidores que compraron estos productos que no los consuman. Estos productos deben ser desechados o devueltos al punto de venta.</p>

<p>El FSIS realiza revisiones sobre la efectividad de la retirada de manera rutinaria para verificar que las empresas que realizan una retirada le notifican a sus clientes al respecto y que se sigan los pasos necesarios para asegurarse de que el producto ya no esté al alcance de los consumidores. Cuando están disponibles, las listas de distribución al detalle se publican en el sitio web del FSIS<a href=""/recalls""> www.fsis.usda.gov/avisos</a>.</p>

<p>Los consumidores con preguntas sobre la retirada pueden comunicarse con Nicole Schumacher, Director de marketing, Pre Brands LLC, llamando al 844-773-3663 o escribiendo a reachus@eatpre.com. Los miembros de los medios de comunicación que tengan preguntas se pueden comunicar con Paul Esposito, Director de operaciones, Weinstein Wholesale Meats Inc., llamando al 630-390-9138 o escribiendo a <a href=""mailto:media@weinsteinmeats.com"">media@weinsteinmeats.com</a>.</p>

<p>Los consumidores con preguntas sobre inocuidad alimentaria pueden llamar a la línea gratuita de carne y aves de corral del USDA al 888-MPHotline (888-674-6854) o chatear en vivo a través de <a href=""https://ask.usda.gov/"">Ask USDA</a> de 10 a.m. a 6 p.m. (Hora del Este) de lunes a viernes. Los consumidores también pueden consultar los mensajes de seguridad alimentaria en <a href=""https://ask.usda.gov/"">Ask USDA</a> o enviar una pregunta por correo electrónico a <a href=""mailto:MPHotline@usda.gov"">MPHotline@usda.gov</a>. Los consumidores que necesitan informar un problema con un producto de carne, aves de corral o huevo, pueden acceder al Sistema de Monitoreo Electrónico de Quejas del Consumidor en línea las 24 horas del día en <a href=""https://foodcomplaint.fsis.usda.gov/eCCF/"">https://foodcomplaint.fsis.usda.gov/eCCF/</a>. <bailey.mcwilliams@usda.gov></bailey.mcwilliams@usda.gov></p>
",2023,Spanish,True,2023,Nationwide,High - Class I,FSIS_RECALLS
"Weinstein Wholesale Meats, Inc. Retira Hamburguesas De Carne De Res Molida Cruda Debido A Un Posible Contaminación Con Materia Extraña",http://www.fsis.usda.gov/es/retirada/weinstein-wholesale-meats-inc--retira-hamburguesas-de-carne-de-res-molida-cruda-debido-a,False,Nationwide,True,2023-05-31,2023,"
  Company Contact
  
    Chief Marketing Officer, Pre Brands LLC
    Nicole Schumacher
        844-773-3663
              reachus@eatpre.com
      

, 
  Company Contact
  
    Chief Operating Officer, Weinstein Wholesale Meats Inc.
    Paul Esposito
        630-390-9138
              media@weinsteinmeats.com
      

",,,Weinstein Wholesale Meats Inc,recall-labels-012-2023.pdf,Bailey McWilliams,High - Class I,2023-04-20,,Raw - Non Intact,•	Paquetes sellados al vacio de 10.7 onzas con dos piezas de &quot;100% Grass Fed &amp; Finished Beef Burger Patties 85% Lean/15% Fat” con indicación de usar/congelar antes de 11/4/2023&quot; en la etiqueta del empaque.,zero pounds of product,Class I,2023-04-20,012-2023,Product Contamination,Closed Recall,False,"<p><strong>WASHINGTON, 20, de abril de 2023</strong> – Weinstein Wholesale Meats, Inc., un establecimiento de Forest Park, Ill. está retirando aproximadamente 2,122 libras de hamburguesas de carne de res molida crudas que podrían estar contaminadas con materia extra, específicamente con pedazos de neopreno, blanco, anunció hoy el Servicio de Inocuidad e Inspección de Alimentos (FSIS) del Departamento de Agricultura de los EE. UU.</p>

<p>Las hamburguesas de carne de res molida fueron producidas el 14 de marzo de 2023. Los siguientes productos son objeto de la retirada&nbsp;[<a href=""/sites/default/files/food_label_pdf/2023-04/recall-labels-012-2023.pdf"">ver etiquetas</a>]:&nbsp;</p>

<ul>
	<li>Paquetes sellados al vacio de 10.7 onzas con dos piezas de ""100% Grass Fed &amp; Finished Beef Burger Patties 85% Lean/15% Fat” con indicación de usar/congelar antes de 11/4/2023"" en la etiqueta del empaque.</li>
</ul>

<p>Los productos sujetos a retirada están marcados con el número de establecimiento ""Est. 6987 dentro del sello de inspección del USDA. Estos artículos fueron enviados a un distribuidor en línea, que vendió el producto a clientes en todo el país.</p>

<p>El problema se descubrió cuando es establecimiento recibió varias quejas de consumidores informando que los consumidores habían encontrado material ""similar al caucho"" en las hamburguesas de carne molida durante la preparación.</p>

<p>No han habido informes confirmados de reacciones adversas debido al consumo de estos productos. Cualquier persona que tenga inquietudes acerca de lesiones o enfermedades provider.</p>

<p>El FSIS expresa su preocupación debido a que parte del producto podría estar en los refrigeradores o congeladores de los consumidores. Se le urge a los consumidores que compraron estos productos que no los consuman. Estos productos deben ser desechados o devueltos al punto de venta.</p>

<p>El FSIS realiza revisiones sobre la efectividad de la retirada de manera rutinaria para verificar que las empresas que realizan una retirada le notifican a sus clientes al respecto y que se sigan los pasos necesarios para asegurarse de que el producto ya no esté al alcance de los consumidores. Cuando están disponibles, las listas de distribución al detalle se publican en el sitio web del FSIS<a href=""/recalls""> www.fsis.usda.gov/avisos</a>.</p>

<p>Los consumidores con preguntas sobre la retirada pueden comunicarse con Nicole Schumacher, Director de marketing, Pre Brands LLC, llamando al 844-773-3663 o escribiendo a reachus@eatpre.com. Los miembros de los medios de comunicación que tengan preguntas se pueden comunicar con Paul Esposito, Director de operaciones, Weinstein Wholesale Meats Inc., llamando al 630-390-9138 o escribiendo a <a href=""mailto:media@weinsteinmeats.com"">media@weinsteinmeats.com</a>.</p>

<p>Los consumidores con preguntas sobre inocuidad alimentaria pueden llamar a la línea gratuita de carne y aves de corral del USDA al 888-MPHotline (888-674-6854) o chatear en vivo a través de <a href=""https://ask.usda.gov/"">Ask USDA</a> de 10 a.m. a 6 p.m. (Hora del Este) de lunes a viernes. Los consumidores también pueden consultar los mensajes de seguridad alimentaria en <a href=""https://ask.usda.gov/"">Ask USDA</a> o enviar una pregunta por correo electrónico a <a href=""mailto:MPHotline@usda.gov"">MPHotline@usda.gov</a>. Los consumidores que necesitan informar un problema con un producto de carne, aves de corral o huevo, pueden acceder al Sistema de Monitoreo Electrónico de Quejas del Consumidor en línea las 24 horas del día en <a href=""https://foodcomplaint.fsis.usda.gov/eCCF/"">https://foodcomplaint.fsis.usda.gov/eCCF/</a>. <bailey.mcwilliams@usda.gov></bailey.mcwilliams@usda.gov></p>
",2023,Spanish,True,2023,Nationwide,High - Class I,FSIS_RECALLS
"Weinstein Wholesale Meats, Inc. Recalls Raw Ground Beef Burger Products Due to Possible Foreign Matter Contamination",http://www.fsis.usda.gov/recalls-alerts/weinstein-wholesale-meats-inc--recalls-raw-ground-beef-burger-products-due-possible,False,Nationwide,True,2023-05-31,2023,"
  Company Contact
  
    Chief Marketing Officer, Pre Brands LLC
    Nicole Schumacher
        844-773-3663
              reachus@eatpre.com
      

, 
  Company Contact
  
    Chief Operating Officer, Weinstein Wholesale Meats Inc.
    Paul Esposito
        630-390-9138
              media@weinsteinmeats.com
      

",RC-012-2023-Retail-List.pdf,,Weinstein Wholesale Meats Inc,recall-labels-012-2023.pdf,Bailey McWilliams,High - Class I,2023-04-20,,Raw - Non Intact,10.7-oz. vacuum-sealed packages containing two pieces of “100% Grass Fed &amp; Finished Beef Burger Patties 85% Lean/15% Fat” and with “Use/Freeze By 4/11/23” on the package label.,zero pounds of product,Class I,2023-04-20,012-2023,Product Contamination,Closed Recall,False,"<p><strong>WASHINGTON, April 20, 2023 - </strong>Weinstein Wholesale Meats, Inc., a Forest Park, Ill. establishment, is recalling approximately 2,122 pounds of raw ground beef burger products that may be contaminated with extraneous materials, specifically pieces of white neoprene, the U.S. Department of Agriculture's Food Safety and Inspection Service (FSIS) announced today.</p>

<p>The raw ground beef burger patties were produced on March 14, 2023. The following products are subject to recall [<a data-entity-substitution=""file"" data-entity-type=""file"" data-entity-uuid=""bd5a680c-bd1b-4ef1-9fdf-fc3b044546d7"" href=""/sites/default/files/food_label_pdf/2023-04/recall-labels-012-2023.pdf"">view labels</a>]:</p>

<ul>
	<li>10.7-oz. vacuum-sealed packages containing two pieces of ""100% Grass Fed &amp; Finished Beef Burger Patties 85% Lean/15% Fat"" and with ""Use/Freeze By 4/11/23"" on the package label.</li>
</ul>

<p>The products subject to recall bear establishment number ""Est. 6987"" inside the USDA mark of inspection. These items were shipped to an online distributor, which sold the product to customers nationwide.</p>

<p>The problem was discovered after the establishment received multiple consumer complaints reporting consumers found white ""rubber-like"" material in the ground beef patty products during preparation.</p>

<p>There have been no confirmed reports of adverse reactions due to consumption of these products. Anyone concerned about an injury or illness should contact a healthcare provider.&nbsp;&nbsp;</p>

<p>FSIS is concerned that some product may be in consumers' refrigerators or freezers. Consumers who have purchased these products are urged not to consume them. These products should be thrown away or returned to the place of purchase.</p>

<p>FSIS routinely conducts recall effectiveness checks to verify recalling firms notify their<strong> </strong>customers of the recall and that steps are taken to make certain that the product is no longer available to consumers. When available, the retail distribution list(s) will be posted on the FSIS website at&nbsp;<a href=""http://www.fsis.usda.gov/recalls"">www.fsis.usda.gov/recalls</a>.</p>

<p>Consumers with questions about the recall can contact Nicole Schumacher, Chief Marketing Officer, Pre Brands LLC, at 844-773-3663 or <a href=""mailto:reachus@eatpre.com"">reachus@eatpre.com</a>. Members of the media with questions can contact Paul Esposito, Chief Operating Officer, Weinstein Wholesale Meats Inc., at 630-390-9138 or <a href=""mailto:media@weinsteinmeats.com"">media@weinsteinmeats.com</a>.</p>

<p>Consumers with food safety questions can call the toll-free USDA Meat and Poultry Hotline at 888-MPHotline (888-674-6854) or live chat via <a href=""https://ask.usda.gov/"">Ask USDA</a> from 10 a.m. to 6 p.m. (Eastern Time) Monday through Friday. Consumers can also browse food safety messages at <a href=""https://ask.usda.gov/"">Ask USDA</a> or send a question via email to <a href=""mailto:MPHotline@usda.gov"">MPHotline@usda.gov</a>. For consumers that need to report a problem with a meat, poultry, or egg product, the online Electronic Consumer Complaint Monitoring System can be accessed 24 hours a day at <a href=""https://foodcomplaint.fsis.usda.gov/eCCF/"">https://foodcomplaint.fsis.usda.gov/eCCF/</a>.</p>

<p>- FSIS <bailey></bailey></p>
",2023,English,True,2023,Nationwide,High - Class I,FSIS_RECALLS
"Weinstein Wholesale Meats, Inc. Recalls Raw Ground Beef Burger Products Due to Possible Foreign Matter Contamination",http://www.fsis.usda.gov/recalls-alerts/weinstein-wholesale-meats-inc--recalls-raw-ground-beef-burger-products-due-possible,False,Nationwide,True,2023-05-31,2023,"
  Company Contact
  
    Chief Marketing Officer, Pre Brands LLC
    Nicole Schumacher
        844-773-3663
              reachus@eatpre.com
      

, 
  Company Contact
  
    Chief Operating Officer, Weinstein Wholesale Meats Inc.
    Paul Esposito
        630-390-9138
              media@weinsteinmeats.com
      

",RC-012-2023-Retail-List.pdf,,Weinstein Wholesale Meats Inc,recall-labels-012-2023.pdf,Bailey McWilliams,High - Class I,2023-04-20,,Raw - Non Intact,10.7-oz. vacuum-sealed packages containing two pieces of “100% Grass Fed &amp; Finished Beef Burger Patties 85% Lean/15% Fat” and with “Use/Freeze By 4/11/23” on the package label.,zero pounds of product,Class I,2023-04-20,012-2023,Product Contamination,Closed Recall,False,"<p><strong>WASHINGTON, April 20, 2023 - </strong>Weinstein Wholesale Meats, Inc., a Forest Park, Ill. establishment, is recalling approximately 2,122 pounds of raw ground beef burger products that may be contaminated with extraneous materials, specifically pieces of white neoprene, the U.S. Department of Agriculture's Food Safety and Inspection Service (FSIS) announced today.</p>

<p>The raw ground beef burger patties were produced on March 14, 2023. The following products are subject to recall [<a data-entity-substitution=""file"" data-entity-type=""file"" data-entity-uuid=""bd5a680c-bd1b-4ef1-9fdf-fc3b044546d7"" href=""/sites/default/files/food_label_pdf/2023-04/recall-labels-012-2023.pdf"">view labels</a>]:</p>

<ul>
	<li>10.7-oz. vacuum-sealed packages containing two pieces of ""100% Grass Fed &amp; Finished Beef Burger Patties 85% Lean/15% Fat"" and with ""Use/Freeze By 4/11/23"" on the package label.</li>
</ul>

<p>The products subject to recall bear establishment number ""Est. 6987"" inside the USDA mark of inspection. These items were shipped to an online distributor, which sold the product to customers nationwide.</p>

<p>The problem was discovered after the establishment received multiple consumer complaints reporting consumers found white ""rubber-like"" material in the ground beef patty products during preparation.</p>

<p>There have been no confirmed reports of adverse reactions due to consumption of these products. Anyone concerned about an injury or illness should contact a healthcare provider.&nbsp;&nbsp;</p>

<p>FSIS is concerned that some product may be in consumers' refrigerators or freezers. Consumers who have purchased these products are urged not to consume them. These products should be thrown away or returned to the place of purchase.</p>

<p>FSIS routinely conducts recall effectiveness checks to verify recalling firms notify their<strong> </strong>customers of the recall and that steps are taken to make certain that the product is no longer available to consumers. When available, the retail distribution list(s) will be posted on the FSIS website at&nbsp;<a href=""http://www.fsis.usda.gov/recalls"">www.fsis.usda.gov/recalls</a>.</p>

<p>Consumers with questions about the recall can contact Nicole Schumacher, Chief Marketing Officer, Pre Brands LLC, at 844-773-3663 or <a href=""mailto:reachus@eatpre.com"">reachus@eatpre.com</a>. Members of the media with questions can contact Paul Esposito, Chief Operating Officer, Weinstein Wholesale Meats Inc., at 630-390-9138 or <a href=""mailto:media@weinsteinmeats.com"">media@weinsteinmeats.com</a>.</p>

<p>Consumers with food safety questions can call the toll-free USDA Meat and Poultry Hotline at 888-MPHotline (888-674-6854) or live chat via <a href=""https://ask.usda.gov/"">Ask USDA</a> from 10 a.m. to 6 p.m. (Eastern Time) Monday through Friday. Consumers can also browse food safety messages at <a href=""https://ask.usda.gov/"">Ask USDA</a> or send a question via email to <a href=""mailto:MPHotline@usda.gov"">MPHotline@usda.gov</a>. For consumers that need to report a problem with a meat, poultry, or egg product, the online Electronic Consumer Complaint Monitoring System can be accessed 24 hours a day at <a href=""https://foodcomplaint.fsis.usda.gov/eCCF/"">https://foodcomplaint.fsis.usda.gov/eCCF/</a>.</p>

<p>- FSIS <bailey></bailey></p>
",2023,English,True,2023,Nationwide,High - Class I,FSIS_RECALLS
Delight Foods USA LLC Recalls Ineligible Frozen Siluriformes Products Imported from India,http://www.fsis.usda.gov/recalls-alerts/delight-foods-usa-llc-recalls-ineligible-frozen-siluriformes-products-imported-india,False,Nationwide,True,2023-06-06,2023,"
  Company Contact
  
    Member, Delight Foods USA LLC &amp; Delight Foods LLC
    Joseph Parayil
        201-369-1199
              info@dailydelight.com
      

",RC-004-2023-Retail-List.pdf,,,recall-labels-004-2023.pdf,Jackson Collier,High - Class I,2023-02-03,,Raw - Intact,908 gm (2 lb.) plastic packages containing “Seafood delight FRESH FROZEN CATFISH STEAK IF” frozen fish. ,"1,396 pounds ",Class I,2023-02-03,004-2023,Import Violation,Closed Recall,False,"<p><strong>WASHINGTON, February 3, 2023 – </strong>Delight Foods USA LLC, a distributor and the Importer of Record located in Jersey City, N.J., and Delight Foods LLC, a distributor and the Importer of Record located in San Jose, Calif., is recalling approximately 2,961 pounds of imported frozen Siluriformes (catfish) products. The products were imported from India, a country ineligible to export Siluriformes products to the United States, the U.S. Department of Agriculture’s Food Safety and Inspection Service (FSIS) announced today.</p>

<p>The following raw, frozen products are subject to recall, regardless of the product date [<a data-entity-substitution=""file"" data-entity-type=""file"" data-entity-uuid=""555d1d54-43ea-477d-b246-572f9fdb2a07"" href=""/sites/default/files/food_label_pdf/2023-02/recall-labels-004-2023.pdf"">view labels</a>]:</p>

<ul>
	<li>908 gm (2 lb.) plastic packages containing “Seafood delight FRESH FROZEN CATFISH STEAK IF” frozen fish.</li>
</ul>

<p>The products do not bear an establishment number nor a USDA mark of inspection. These items were shipped to retail locations nationwide.</p>

<p>The problem was discovered during routine FSIS surveillance activity of imported products. India is not eligible to export Siluriformes products to the United States.</p>

<p>There have been no confirmed reports of adverse reactions due to consumption of these products. Anyone concerned about a reaction should contact a healthcare provider.&nbsp;&nbsp;</p>

<p>FSIS is concerned the product may be in retailers’ or consumer’s freezers. Consumers who have purchased these products are urged not to consume them. These products should be thrown away or returned to the place of purchase.</p>

<p>FSIS routinely conducts recall effectiveness checks to verify recalling firms notify their<strong> </strong>customers of the recall and that steps are taken to make certain that the product is no longer available to consumers. When available, the retail distribution list(s) will be posted on the FSIS website at&nbsp;<a href=""http://www.fsis.usda.gov/recalls"">www.fsis.usda.gov/recalls</a>.</p>

<p>Consumers and members of the media with questions about the recall can contact Joseph Parayil, Member, Delight Foods USA LLC &amp; Delight Foods LLC, at <a href=""mailto:josephparayil@dailydelight.com"">info@dailydelight.com</a> and 201-369-1199.</p>

<p>Consumers with food safety questions can call the toll-free USDA Meat and Poultry Hotline at 1-888-MPHotline (1-888-674-6854) or live chat via <a href=""https://ask.usda.gov/"">Ask USDA</a> from 10 a.m. to 6 p.m. (Eastern Time) Monday through Friday. Consumers can also browse food safety messages at <a href=""https://ask.usda.gov/"">Ask USDA</a> or send a question via email to <a href=""mailto:MPHotline@usda.gov"">MPHotline@usda.gov</a>. For consumers that need to report a problem with a meat, poultry, or egg product, the online Electronic Consumer Complaint Monitoring System can be accessed 24 hours a day at <a href=""https://foodcomplaint.fsis.usda.gov/eCCF/"">https://foodcomplaint.fsis.usda.gov/eCCF/</a>.&nbsp;</p>
",2023,English,False,2023,Nationwide,High - Class I,FSIS_RECALLS
Conagra Brands Recalls Canned Meat and Poultry Products Due to Possible Packaging Defect,http://www.fsis.usda.gov/recalls-alerts/conagra-brands-recalls-canned-meat-and-poultry-products-due-possible-packaging,False,Nationwide,True,2024-02-15,2024,"
  Company Contact
  
    Senior Director of Communications, ConAgra Brands
    Dan Hare
        312-549-5355
              daniel.hare@conagra.com
      

",RC-003-2023-Retail-List.pdf,,"ConAgra Brands, Inc.",recall-labels-003-2023.pdf,Cody Kahlig,High - Class I,2023-01-31,,Thermally Processed - Commercially Sterile,"The meat and poultry products were produced between December 12, 2022, and January 13, 2023.","841,149 lbs",Class I,2023-01-31,003-2023,"Processing Defect, Product Contamination",Closed Recall,False,"<p><strong>WASHINGTON, Jan. 31, 2023 – </strong>Conagra Brands, Inc., a Fort Madison, Iowa establishment, is recalling approximately 2,581,816 pounds of canned meat and poultry products due to a packaging defect that may cause the products to become contaminated without showing any outward signs of contamination, the U.S. Department of Agriculture’s Food Safety and Inspection Service (FSIS) announced today.</p>

<p>The meat and poultry products were produced between December 12, 2022, and January 13, 2023. The following products are subject to recall: [<a data-entity-substitution=""file"" data-entity-type=""file"" data-entity-uuid=""da708de1-47f7-46cb-bcd3-a7180aae9d79"" href=""/sites/default/files/food_label_pdf/2023-01/recall-product-list-003-2023.pdf"">view spreadsheet</a>] [<a data-entity-substitution=""file"" data-entity-type=""file"" data-entity-uuid=""ffb28618-dd70-4c4e-b871-9ba50e84c4a3"" href=""/sites/default/files/food_label_pdf/2023-01/recall-labels-003-2023.pdf"">view labels</a>].</p>

<p>The products subject to recall bear establishment number “P4247” on the product cans. These items were shipped to retail locations nationwide.</p>

<p>The problem was discovered when the establishment notified FSIS after observing spoiled and/or leaking cans from multiple production dates at the establishment’s warehouse.</p>

<p>Subsequent investigation by the establishment determined that the cans subject to recall may have been damaged in a manner that is not readily apparent to consumers, which may allow foodborne pathogens to enter the cans.</p>

<p>There have been no confirmed reports of adverse reactions due to consumption of these products. Anyone concerned about an injury or illness should contact a healthcare provider.&nbsp;&nbsp;</p>

<p>FSIS is concerned that some product may be on retail shelves or in consumers’ pantries. Consumers who have purchased these products are urged not to consume them. These products should be thrown away or returned to the place of purchase.</p>

<p>FSIS routinely conducts recall effectiveness checks to verify recalling firms notify their customers of the recall and that steps are taken to make certain that the product is no longer available to consumers. When available, the retail distribution lists will be posted on the FSIS website at <a href=""http://www.fsis.usda.gov/recalls"">www.fsis.usda.gov/recalls</a>.</p>

<p>Members of the media with questions about the recall can contact Dan Hare, Senior Director of Communications, ConAgra Brands, at 312-549-5355 or <a href=""mailto:daniel.hare@conagra.com"">daniel.hare@conagra.com</a>. Consumers with questions about the recall can call 800-289-6014, Monday-Friday 9 a.m. to 5 p.m. CST or email <a href=""mailto:consumer.care@conagra.com"">consumer.care@conagra.com</a>.</p>

<p>Consumers with food safety questions can call the toll-free USDA Meat and Poultry Hotline at 888-MPHotline (888-674-6854) or live chat via <a href=""https://ask.usda.gov/"">Ask USDA</a> from 10 a.m. to 6 p.m. (Eastern Time) Monday through Friday. Consumers can also browse food safety messages at <a href=""https://ask.usda.gov/"">Ask USDA</a> or send a question via email to <a href=""mailto:MPHotline@usda.gov"">MPHotline@usda.gov</a>. For consumers that need to report a problem with a meat, poultry, or egg product, the online Electronic Consumer Complaint Monitoring System can be accessed 24 hours a day at <a href=""https://foodcomplaint.fsis.usda.gov/eCCF/"">https://foodcomplaint.fsis.usda.gov/eCCF/</a>.</p>
",2023,English,True,2023,Nationwide,High - Class I,FSIS_RECALLS
 Conagra Brands Productos Enlatados De Carne Y Aves De Corral Debido A Un Posible Defecto De Empaque,http://www.fsis.usda.gov/es/retirada/conagra-brands-productos-enlatados-de-carne-y-aves-de-corral-debido-a-un-posible-defecto,False,Nationwide,True,2024-02-15,2024,"
  Company Contact
  
    Senior Director of Communications, ConAgra Brands
    Dan Hare
        312-549-5355
              daniel.hare@conagra.com
      

",RC-003-2023-Retail-List.pdf,,"ConAgra Brands, Inc.",recall-labels-003-2023.pdf,Cody Kahlig,High - Class I,2023-01-31,,Thermally Processed - Commercially Sterile,"The meat and poultry products were produced between December 12, 2022, and January 13, 2023.","841,149 lbs",Class I,2023-01-31,003-2023,"Processing Defect, Product Contamination",Closed Recall,False,"<p><strong>WASHINGTON, 31 de enero del 2023 –</strong> Consagra Brands, Inc., un establecimiento de Fort Madison, Iowa, está retirando del mercado aproximadamente 2,581,816 libras productos de carne y aves de corral enlatados debido a un defecto de empaque que puede causar la contaminación de los productos sin mostrar una señal visible de contaminación, anunció hoy el Servicio de Inocuidad e Inspección de Alimentos (FSIS) del Departamento de Agricultura de los EE. UU. (USDA).</p>

<p>Los productos de carne y aves de corral se produjeron el 12 de diciembre del 2022, y el 13 de enero del 2023. Los siguientes productos son objeto de la retirada: [<a href=""/sites/default/files/food_label_pdf/2023-01/recall-product-list-003-2023.pdf"">ver hoja de cálculo</a>] [<a href=""/sites/default/files/food_label_pdf/2023-01/recall-labels-003-2023.pdf"">ver etiquetas</a>].</p>

<p>Los productos objeto de la retirada están marcados con el número ""P4247"" en las latas. Estos productos fueron enviados a establecimientos comerciales a nivel nacional.</p>

<p>El problema fue descubierto cuando el establecimiento notificó al FSIS después de observar latas estropeadas y/o con fugas de fechas de producción múltiples en la bodega del establecimiento.</p>

<p>La investigación posterior del establecimiento determinó que las latas retiradas productos se pudieron haber dañado de una manera no evidente para los consumidores, lo que puede permitir el ingreso de patógenos transmitidos por los alimentos a las latas.</p>

<p>No han habido informes confirmados de reacciones adversas debido al consumo de estos productos. Cualquier persona que tenga inquietudes acerca de lesiones o enfermedades provider.</p>

<p>El FSIS muestra preocupación debido a que parte del producto podría estar en las despensas de los consumidores. Se le urge a los consumidores que compraron estos productos que no los consuman. Estos productos deben ser desechados o devueltos al punto de venta.</p>

<p>El FSIS realiza revisiones sobre la efectividad de la retirada de manera rutinaria para verificar que las empresas que realizan una retirada le notifiquen a sus clientes de esta y que se sigan los pasos necesarios para asegurarse de que el producto ya no esté al alcance de los consumidores. Cuando están disponibles, las listas de distribución al detalle se publican en el sitio web del FSIS www.fsis.usda.gov/avisos.</p>

<p>Los miembros de los medios de difusión con preguntas acerca de la retirada se pueden comunicar con Dan Hare, Director Senior de comunicaciones, Conagra Brands, llamando al 312-549-5355 o escribir a daniel.hare@conagra.com. Los consumidores que tengan preguntas acerca de la retirada pueden llamar al 800-289-6014 de lunes a viernes de 9 a. m. a 5 p.m. CST o enviar un correo electrónico a consumer.care@conagra.com.</p>

<p>Los consumidores con preguntas sobre inocuidad alimentaria pueden llamar a la línea gratuita de carne y aves de corral del USDA al 888-MPHotline (888-674-6854) o chatear en vivo a través de <a href=""https://ask.usda.gov/"">Ask USDA</a> de 10 a.m. a 6 p.m. (Hora del Este) de lunes a viernes. Los consumidores también pueden consultar los mensajes de seguridad alimentaria en <a href=""https://ask.usda.gov/"">Ask USDA</a> o enviar una pregunta por correo electrónico a <a href=""mailto:MPHotline@usda.gov"">MPHotline@usda.gov</a>.&nbsp;Los consumidores que necesitan informar un problema con un producto de carne, pollo o huevo, pueden acceder al Sistema de Monitoreo Electrónico de Quejas del Consumidor en línea las 24 horas del día en <a href=""https://foodcomplaint.fsis.usda.gov/eCCF/"">https://foodcomplaint.fsis.usda.gov/eCCF/</a>.</p>
",2023,Spanish,True,2023,Nationwide,High - Class I,FSIS_RECALLS
